Abteistraße		PK 17		okay		53.5799905	9.9899672
Achterkamp		PK 46	Freigabe 2012	okay		53.4380971	10.0085306
Ackermannstraße (Ekhofst-Graumannsweg)		PK 31		pruefen			
Agathenstraße		PK 17		okay		53.5673451	9.965954
Albrechstraße		PK 27		pruefen			
Alexanderstraße		PK 11		okay		53.5562276	10.0215615
Alsterkamp		PK 17	Freigabe 2/2012	okay		53.5772168	9.9954304
Alte Marsch		PK 47	Freigabe 6/2012	okay		53.4739608	9.8296853
Am Born		PK 21		okay		53.5535673	9.9257805
Am Brunnenhof		PK 16	Freigabe 6/2012	okay		53.5550412	9.9591103
Am Feenteich		PK 31	Freigabe 8/2012	okay		53.573798	10.0119145
Am Gleise		PK 44	Freigabe 3/2012	okay		53.5268051	10.0174328
Am Gnadenberg		PK 35	Freigabe 6/2012	okay		53.6372325	10.0353737
Am Kiekeberg		PK 26	Freigabe 6/2012	okay		53.562564	9.8066764
Am Klingenberg (nur Teilstück)		PK 26	Freigabe 6/2012	pruefen			
Am Licentiatenberg		PK 23		okay		53.6145448	9.9835569
Am Mühlenfeld		PK 46	Freigabe 2012	okay		53.4445551	9.9838428
Am Nobisteich		PK 15		okay		53.5489343	9.9572288
Am Rissener Bahnhof		PK 26	Freigabe 6/2012	okay		53.5823516	9.7553765
Am Soldatenfriedhof		PK 46	Freigabe 2012	okay		53.4624292	9.9787034
Anzengruberstraße		PK 46	Freigabe 2012	okay		53.4497878	9.989763
ApenraderStraße		PK 37	Freigabe 5/2012	okay		53.5849191	10.0623876
Arensweg		PK 33	Freigabe 4/2012	okay		53.5888607	10.020375
Arensweg		PK 33	inzwischen freigegeben (12/14)	okay		53.5888607	10.020375
Asbeckstraße		PK 46		okay		53.4581521	9.977919
Aue-Insel		PK 47	Freigabe 6/2012	okay		53.5309125	9.8860583
Auguste-Bauer-Straße		PK 26	Freigabe 6/2012	pruefen			
Avenariusstraße		PK 26		okay		53.5631553	9.8184632
Bachstraße		PK 31		okay		53.5814994	10.0198534
Badestraße		PK 17	Freigabe 2/2012	okay		53.5664827	9.9976592
Bahrenfelder Straße		PK 21		okay		53.5598573	9.9276486
Bahrstrasse		PK 46		pruefen			
Bansenstrasse		PK 46		pruefen			
Baurs Park		PK 26	Freigabe 6/2012	okay		53.558238	9.8125023
Bauvereinsweg		PK 44	Freigabe 2/2012	okay		53.5167085	9.985405
Behrkampsweg		PK 23		okay		53.5926158	9.9634706
Bei der Rolandsmühle		PK 25	Freigabe 4/2012	okay		53.5497183	9.9142183
Beim Gesundbrunnen		PK 41	Freigabe 5/2012	okay		53.5544927	10.0368511
Beim Pachthof		PK 42		okay		53.5516472	10.0816057
Beim Schlump Nebenfb.		PK 17	Freigabe 2/2012	pruefen			
Beim Trichter		PK 15		okay		53.5498149	9.967212
Benzstraße		PK 36		okay		53.5985499	10.0591649
Berlepschweg		PK 46	Freigabe 2012	okay		53.4407328	9.9986451
Berner Koppel		PK 38	Freigabe 4/2012	okay		53.6247027	10.1351616
Bernstorffstraße		PK 16		okay		53.5551482	9.9576007
Beselereplatz (Teilstück frei)		PK 25	Freigabe 5/2012	pruefen			
Bethesdastraße		PK 41	Freigabe 5/2012	okay		53.5579925	10.0400517
Beutnerring		PK 46	Freigabe 2012	okay		53.443462	9.954502
Bieberstraße		PK 17		okay		53.569554	9.9853491
Billhorner Kanalstraße		PK 41	Freigabe 5/2012	okay		53.5384702	10.034198
Billhorner Mühlenweg		PK 41	Freigabe 5/2012	okay		53.5361696	10.0329971
Bleicherstraße		PK 16		okay		53.5558153	9.9615487
Blumenau		PK 31		okay		53.5672156	10.035621
Böckelweg		PK 36		okay		53.6099285	10.0358263
Böckmannstraß		PK 11		pruefen			
Böhmkenstraße		PK 14	Freigabe 10/2012	okay		53.5477368	9.9781397
Bostelreihe		PK 31		okay		53.5730524	10.0294655
Böttgerstraße		PK 17	Freigabe 2/2012	okay		53.5687436	9.9967356
Brahmsallee		PK 17	Freigabe 3/2012	okay		53.5749407	9.9813691
Bräsigweg		PK 36		okay		53.617758	10.075745
Bredensand		PK 46		okay		53.4600278	9.9618942
Bredstedter Straße		PK 37	Freigabe 6/2012	okay		53.5795362	10.0598458
Brekelbaumspark		PK 41	Freigabe 5/2012	okay		53.5537675	10.0363907
Brennerstraße		PK 11		okay		53.5558133	10.0155306
Brookdeich (Brookkehre – Curslacker Heerweg)		PK 43		pruefen			
Buchenallee		PK 23		okay		53.5920162	9.9692461
Bülaustrasse		PK 11		pruefen			
Bundsensweg		PK 41	Freigabe 5/2012	okay		53.5529247	10.0660558
Burggarten		PK 41	Freigabe 5/2012	okay		53.5562893	10.0317383
Burmesterstraße		PK 31		okay		53.5867365	10.03774
Büschelstraße		PK 14	Freigabe 10/2014	pruefen			
Butenfeld		PK 23		okay		53.5923668	9.9695247
Carpserweg		PK 36		okay		53.6091473	10.034517
Chapeaurougeweg		PK 41	Freigabe 5/2012	okay		53.5589002	10.0630842
Chateauneufstraße		PK 41	Freigabe 5/2012	okay		53.5633058	10.0610728
Chemnitzstraße		PK 21		okay		53.5556	9.9471141
Christian-F-Hansen-Straße		PK 26		pruefen			
Christian-Förster-Straße		PK 23		okay		53.5826195	9.9637674
Clasingstraße		PK 23		okay		53.5803091	9.9501785
Clemens-Schultz-Straße		PK 16		okay		53.5520487	9.96628
Cranachstraße		PK 25	Freigabe 5/2012	okay		53.5627004	9.8881558
Curschmannstraße		PK 23		okay		53.5874681	9.977123
Danziger Straße		PK 11		okay		53.5554229	10.0155851
De-Voß-Straße		PK 21	Freigabe 6/2012	okay		53.5454227	9.9496376
Denickestr.		PK 46		pruefen			
Desenißstraße		PK 31		okay		53.5745982	10.0330726
Detlev-Bremer-Straße		PK 15	Freigabe 5/2012	okay		53.5526627	9.965533
Diebsteichweg		PK 25	Freigabe 5/2012	okay		53.57037	9.9278204
Diesterwegstraße		PK 31	Freigabe 8/2012	okay		53.589097	10.0454632
Dillstraße		PK 17		okay		53.5701995	9.9828243
Dimpfelweg		PK 41	Freigabe 5/2012	okay		53.5526818	10.051143
Dobbelersweg		PK 41	Freigabe 5/2012	okay		53.5533074	10.0531026
Döhnerstraße		PK 41	Freigabe 5/2012	okay		53.5532772	10.0565017
Dorfgang		PK 41	Freigabe 5/2012	okay		53.5569512	10.0508323
Drehbahn		PK 14		okay		53.5565446	9.9860881
Drögestraße		PK 31	Freigabe 6/2012	okay		53.589673	10.0451816
Droopweg		PK 41	Freigabe 5/2012	okay		53.552993	10.0609156
Dulsberg-Süd		PK 37		okay		53.5837277	10.0632319
Dunckersweg		PK 42		okay		53.5527619	10.0786552
Durchschnitt		PK 17		okay		53.5647483	9.9797477
Efeuweg		PK 33		okay		53.5999806	9.9992562
Eichenstraße		PK 23		okay		53.5777832	9.9532215
Eiffestraße (Nebenfahrbahn)		PK 41	Freigabe 5/2012	pruefen			
Eilbeker Weg		PK 31		okay		53.5701249	10.0472317
Eilbektal		PK 31		okay		53.5760119	10.05824
Eisenlohrsweg		PK 23		okay		53.5874079	9.9787976
Elisenstraße		PK 31	inzwischen freigegeben (12/14)	okay		53.5609955	10.0326561
Ellenbogen		PK 17		okay		53.5696696	9.9710058
Elsässer Straße		PK 37	Freigabe 5/2012	okay		53.5851355	10.0600432
Erik-Blumfeld-Platz		PK 26	Freigabe 6/2012	pruefen			
Ernst-Eger-Str.		PK 46		pruefen			
Eschelsweg		PK 21	Freigabe 6/2012	okay		53.5508212	9.9455403
Eupener Straße		PK 37	Freigabe 5/2012	okay		53.5802935	10.0650329
Ewaldsweg		PK 41	Freigabe 5/2012	okay		53.5527973	10.0660226
Eydtkuhnenweg		PK 37	Freigabe 5/2012	okay		53.5940027	10.0890306
Feldrosenweg		PK 27		okay		53.6120818	9.8857812
Femerlingweg		PK 46		pruefen			
Feuerberg		PK 46	Freigabe 2012	okay		53.4313268	9.96112
Fiefstücken		PK 33		okay		53.5994689	10.003541
Flotowstraße		PK 31		okay		53.5785174	10.0269315
Forbacher Straße		PK 37	frei 1/2014	okay		53.5813603	10.0598985
Forsmannstraße		PK 33	inzwischen freigegeben (12/14)	okay		53.5851979	10.0130332
Fraenkelstraße		PK 31	Freigabe 6/2012	okay		53.5990577	10.0375782
Framheinstraße		PK 31	Freigabe 6/2012	okay		53.5769501	10.0295299
Friedrich-Legahn-Straße		PK 26	Freigabe 6/2012	okay		53.5628713	9.8106644
Fritz-Reuter-Straße		PK 36		okay		53.6185919	10.0773525
Fuchsloch		PK 41	Freigabe 5/2012	okay		53.5600871	10.0527219
Fuhlsbüttler Straße (Hellbrookstr - Pestalozzistr.)		PK 31		pruefen			
Funkstraße		PK 21	Freigabe 6/2012	okay		53.5500454	9.9438242
Gazertstraße		PK 46		okay		53.4578721	9.9681005
Gebweiler Straße		PK 37		okay		53.5823802	10.0613543
Gellersenweg		PK 46	Freigabe 2012	okay		53.4552465	9.9475602
Gerstenbergstraße		PK 26	Freigabe 6/2012	okay		53.561357	9.8494242
Gerstenkamp		PK 31	Freigabe 6/2012	okay		53.5807917	10.0476559
Geschwister-Scholl-Straße		PK 23		okay		53.5943996	9.9810139
Gilcherweg		PK 35	Freigabe 6/2012	okay		53.6495837	10.1078676
Gnadenbergweg		PK 34	Freigabe 6/2012	okay		53.6353363	10.034784
Goldbekufer		PK 33	Freigabe 6/2012	okay		53.5886629	10.01977
Goldbekweg		PK 33	inzwischen freigegeben (12/14)	okay		53.590193	10.0176386
Görresring		PK 26	Freigabe 6/2012	okay		53.5615777	9.8523517
Goßlers Park (Ring)		PK 26	Freigabe 6/2012	pruefen			
Gottfried-Keller-Straße		PK 25	Freigabe 5/2012	okay		53.56463	9.8792885
Grädenerstraße		PK 23		okay		53.5745572	9.9433978
Greifswalder Straße		PK 11	Freigabe 6/2012	okay		53.5570845	10.0116347
Griesstraße (Hammer Steindamm – Peterskampweg)		PK 41		pruefen			
Grillparzerstraße		PK 31	inzwischen freigegeben (01/15)	okay		53.5803954	10.0188166
Große Freiheit		PK 15		okay		53.5506248	9.9575781
Große Theaterstraße		PK 14	Freigabe 10/2014	okay		53.5562947	9.9914116
Grotestraße		PK 44	Freigabe 2/2012	okay		53.5071262	9.9946047
Grünebergstraße		PK 25		okay		53.5569825	9.9142285
Grüningweg		PK 42	Freigabe 6/2012	okay		53.5602003	10.097623
Gudrunstraße		PK 26	Freigabe 6/2012	okay		53.5828995	9.758494
Gurlittstraße		PK 11		okay		53.5581097	10.0097728
Haderslebener Straße		PK 37	Freigabe 6/2012	okay		53.585375	10.0637441
Haferkamp		PK 31	inzwischen freigegeben (12/14)	okay		53.5817195	10.0453304
Hagedornstraße		PK 17		okay		53.5792098	9.9914547
Hagenau		PK 31	Freigabe 6/2012	okay		53.5664437	10.0364306
Hagenbeckallee		PK 27		okay		53.5944541	9.9336209
Hallerstraße Ringumfahrt		PK 17	Freigabe 2/2012	pruefen			
Hamburger Berg		PK 15		okay		53.55043	9.9613286
Hamelausweg		PK 33	Freigabe 4/2012	okay		53.5877591	10.0189978
Hammerbrookstraße (Gehweg frei)		PK 11		pruefen			
Hanfftsweg		PK 41	Freigabe 5/2012	okay		53.5615013	10.0632765
Hanhoopsfeld		PK 46	Freigabe 2012	okay		53.4379229	9.9900206
Hansensweg		PK 33		pruefen			
Harderslebener Straße		PK 37	Freigabe 5/2012	pruefen			
Harzensweg		PK 31		okay		53.5923619	10.0484157
Hasencleverstraße (Washingtonallee – Sandkampweg)		PK 42		pruefen			
Hasselmannstraße		PK 26	Freigabe 6/2012	okay		53.5514979	9.8425999
Haynstraße		PK 23		okay		53.5859197	9.984974
Hebbelstraße		PK 31	Freigabe 6/2012	okay		53.5765756	10.0179268
Heckscherstraße		PK 23		okay		53.5805004	9.9621889
Hederichweg		PK 36		okay		53.6267436	10.0936693
Heider Straße		PK 23		okay		53.5832942	9.9718596
Heidhörn		PK 31		okay		53.5938792	10.0483736
Heidritterstraße / Pinnasberg		PK 15	Freigabe 2012	pruefen			
Heilholtkamp		PK 33		okay		53.6107979	10.0201075
Heilsberger Hang		PK 36		okay		53.624897	10.0881417
Heimstättenstraße		PK 27		okay		53.6044209	9.8929573
Heinrich-Barth-Straße		PK 17		okay		53.5703037	9.9802912
Hennigsweg		PK 42	Aufhebung Einb-Str. 5/2012	okay		53.5526039	10.0770225
Herbstsweg		PK 36		okay		53.5955718	10.0490451
Hermann-Behn-Weg		PK 17		okay		53.5715601	9.9872204
Hermann-Maul-Straße		PK 46	Freigabe 2012	okay		53.4628233	9.9814381
Herrengraben (Hsnr. 64 bis Pasmannstr)		PK 14		pruefen			
Herrenweide		PK 15		okay		53.549068	9.9570535
Hertogestraße		PK 42		okay		53.5517208	10.0777473
Hiddingaweg		PK 36		okay		53.5981988	10.0513249
Hilpertweg		PK 27		okay		53.6088384	9.8851919
Hohenberne		PK 38		okay		53.633	10.1328475
Hohenesch		PK 21	Freigabe 6/2012	okay		53.5543431	9.9307335
Höltystraße		PK 31	Freigabe 6/2012	okay		53.5754149	10.0164022
Holzdamm		PK 11		okay		53.5558203	10.0053795
Höpen		PK 34		okay		53.6471952	10.0168337
Hortensienweg		PK 37		okay		53.5918877	10.0804502
Hufnerstraße		PK 31		okay		53.5910534	10.0437394
Hütten		PK 14	Freigabe 1/2012	okay		53.5527905	9.9776129
Ifflandstraße (Schottweg-Ekhofstr)		PK 31		pruefen			
In der Schlucht		PK 46	Freigabe 2012	okay		53.4543261	9.9598819
Industriestraße		PK 44		okay		53.5082301	9.9826942
Innocentiapark		PK 17	Freigabe 2012 (Wiederfreigabe)	pruefen			
Innocentiastraße		PK 17	Wiederfreigabe 3/2012	okay		53.5787784	9.9801041
Insterburger Staße		PK 36		pruefen			
Ivensweg		PK 36		okay		53.5980343	10.0519247
Jean-Paul-Weg		PK 33		okay		53.5845774	10.0231065
Jes-Juhl-Weg		PK 25	Freigabe 5/2012	okay		53.5485003	9.9034651
Jollassestieg		PK 33	Freigabe 11/2012	okay		53.5842794	10.0199871
Julienstraße		PK 25	Freigabe 5/2012	okay		53.5663386	9.8961751
Julius-Ertel-Str.		PK 44	Freigabe 2/2012	pruefen			
Julius-Ludowieg-Straße		PK 46		okay		53.4594259	9.9759865
Kampstraße		PK 16	Freigabe 6/2012	okay		53.56095	9.9677323
Karstenstraße		PK 26	Freigabe 6/2012	okay		53.5643817	9.8032555
Kastanienallee		PK 15		okay		53.5487272	9.9651613
Kauershofweg		PK 46	Freigabe 2012	okay		53.4338229	9.9797283
Kegelhofstraße		PK 23		okay		53.5951734	9.9809403
Kerschensteiner Str.		PK 46		pruefen			
Ketteler Weg		PK 24	Freigabe 2/2012	okay		53.6344593	9.9123033
Kielortallee		PK 17		okay		53.5714234	9.9746343
Kippingstraße		PK 17		okay		53.5709984	9.9733798
Kleine Rainstraße		PK 21		okay		53.5534705	9.9300582
Kleiner Pulverteich		PK 11		okay		53.5540696	10.0147645
Kleiner Schippsee		PK 46		okay		53.4611142	9.9844669
Knauerstraße		PK 23		okay		53.5901225	9.9899343
Kompeweg		PK 46		pruefen			
Koopstraße		PK 17		okay		53.5704349	9.9741961
Koppel		PK 11		okay		53.5599549	10.0132634
Kreetkamp		PK 25	Freigabe 5/2012	okay		53.5500757	9.8788043
Kroosweg		PK 46		okay		53.4591446	9.9746921
Krummer Kamp		PK 27		okay		53.607488	9.8910739
Kurze Straße		PK 14		okay		53.5534148	9.9790816
Ladigestwiete		PK 26	Freigabe 6/2012	okay		53.5812954	9.7575815
Lange Reihe		PK 11	Freigabe 6/2012	okay		53.5564277	10.0103212
Langenrehm		PK 31	inzwischen freigegeben (12/14)	okay		53.5810661	10.0461539
Lastropsweg		PK 23		okay		53.5788252	9.9561323
Laubsängerweg		PK 25	Freigabe 5/2012	okay		53.5989208	9.8893895
Laufgraben		PK 17		okay		53.5670672	9.9750463
Leinpfad (Maria-Louisenstraße – Krugkoppelbrücke)		PK 33		pruefen			
Lessingstraße		PK 31	Freigabe 6/2012	okay		53.5649231	10.0314277
Lißmannseck		PK 31	Freigabe 6/2012	okay		53.594682	10.0471188
Lohhof		PK 41	Freigabe 5/2012	okay		53.5584019	10.0530925
Lohkampstraße		PK 27		okay		53.6153718	9.8786509
Lorenzengasse		PK 33	Freigabe 11/2012	okay		53.5847465	10.0202055
Lothringer Straße		PK 37		okay		53.5817235	10.0574081
Löwenstraße		PK 23		okay		53.5870332	9.9733362
Lüdemannstraße		PK 25	Freigabe 5/2012	okay		53.5640015	9.8795297
Ludwigstraße		PK 16	Freigabe 6/2012	okay		53.5599194	9.9657738
Luisenweg		PK 41	Freigabe 4/2012	okay		53.5476721	10.0452776
Lünckenweg		PK 31		pruefen			
Maimoorweg		PK 36		okay		53.6067855	10.0755799
Marckmannstraße		PK 41		okay		53.5329346	10.0537346
Maria-Louisen-Steig		PK 33	inzwischen freigegeben (12/14)	pruefen			
Marienstraße		PK 46		okay		53.4575776	9.9718253
Marienthaler Stra0e		PK 41		okay		53.5615637	10.0417805
Marktstraße (weitgehend)		PK 16		pruefen			
Martensweg		PK 31	Freigabe 6/2012	okay		53.5806849	10.0220304
Martin-Haller-Ring		PK 33		okay		53.5872152	10.0259964
Martin-Leuschel-Ring		PK 46	Freigabe 2012	okay		53.4635804	9.9782155
Maybachstraße		PK 36		okay		53.599246	10.0580523
Meckelburgsweg		PK 44	Freigabe 3/2012	okay		53.527193	10.0184098
Meerweinstraße		PK 33		okay		53.5853451	10.0238758
Meldorfer Straße		PK 23		okay		53.5851294	9.9739943
Mendelssohnstraße		PK 25	Freigabe 6/2012	okay		53.5642612	9.9164582
Meßdorfweg		PK 26	Freigabe 6/2012	pruefen			
Mesterfeldweg		PK 27		okay		53.602937	9.8989423
Mettlerkampsweg (Elisabethgehölz - Horner Weg)		PK 41		pruefen			
Metzer Straße		PK 37	Freigabe 5/2012	okay		53.5811797	10.0589853
Mewesweg		PK 47	Freigabe 6/2012	okay		53.5346882	9.8767956
Meyerstraße		PK 46		okay		53.4637496	9.9609341
Moltkestraße		PK 23		okay		53.5799283	9.9722785
Moorhof		PK 35		okay		53.6622622	10.0856063
Mörickestraße		PK 26	Freigabe 6/2012	pruefen			
Mozartstraße (Humboldtstr – Imstedt)		PK 31		pruefen			
Müggenburg		PK 47	Freigabe 6/2012	okay		53.5317892	9.8817765
Narzissenweg		PK 37	frei 1/2014	okay		53.5862643	10.0807138
Neanderstraße		PK 14	Freigabe 1/2012	okay		53.549358	9.9779785
Nerlichsweg		PK 41	Freigabe 5/2012	okay		53.5619372	10.0547475
Neue Wöhr		PK 31	Freigabe 6/2012	okay		53.598452	10.0392869
Neuer Fährweg		PK 47	Freigabe 6/2012	okay		53.532074	9.7925643
Neuer Weg		PK 43	Zweirichtungsstraße nachteilig umgebaut 5/2014	okay		53.4849344	10.212462
Neumünstersche Straße		PK 23		okay		53.5830951	9.9731938
Nobistor		PK 21	Freigabe 6/2012	okay		53.5505239	9.953425
Norburger Stieg		PK 25	Freigabe 6/2012	okay		53.5665414	9.9103525
Norburger Straße (Norburger Stieg - Boschstr.)		PK 25		pruefen			
Novalisweg		PK 33		okay		53.586734	10.0234595
O'Swaldstraße (Horner Weg – Am Gojenboom)		PK 42		pruefen			
Oberstraße -Ringumfahrt-		PK 17	Freigabe 2/2012	pruefen			
Odenwaldstraße		PK 23		okay		53.5794547	9.9519836
Oertzweg		PK 36		okay		53.5948188	10.0558934
Ohnsorgweg		PK 25	Freigabe 5/2012	okay		53.5551894	9.869996
Ole Wisch		PK 36		okay		53.6061573	10.0658008
Osterbrook		PK 41		okay		53.547844	10.0547734
Ottenser Hauptstraße		PK 21		okay		53.5521773	9.9329204
Otterkaken		PK 44	Freigabe 2/2012	pruefen			
Ottersbekallee		PK 23		okay		53.5779318	9.9561144
Otto-Ernst-Straße		PK 25		okay		53.5582309	9.8789262
Overbekstraße		PK 31		pruefen			
Parkallee		PK 17	Freigabe 3/2012	okay		53.5734031	9.9840073
Passierzettel/AmGleise		PK 44	Freigabe 3/2012	pruefen			
Paul-Roosen-Straße		PK 16		okay		53.5530637	9.9585919
Peiffersweg		PK 31	Freigabe 6/2012	okay		53.5932052	10.0490935
Peterskampweg		PK 41	Freigabe 7/2012	okay		53.5617533	10.0508364
Pfauenweg		PK 31		okay		53.5875456	10.0568696
Poelsweg		PK 41	Freigabe 5/2012	okay		53.5607995	10.062723
Pöseldorfer Weg		PK 17	Freigabe 2/2012	okay		53.5740434	9.998227
Prätoriusweg		PK 23		okay		53.5801674	9.9527844
Pulverteich		PK 11		okay		53.5533924	10.0147177
Querstraße		PK 15		okay		53.5488863	9.9603149
Rambatzweg		PK 33	Freigabe 11/2012	okay		53.5844725	10.0208772
Rantzaustraße		PK 37		okay		53.5696467	10.0712684
Rautenbergstraße		PK 11		okay		53.5564078	10.0062655
Rebeccaweg		PK 37		okay		53.5633188	10.0687424
Redder		PK 35		okay		53.6438387	10.1148987
Regerstraße		PK 25	Freigabe 6/2012	okay		53.5666863	9.9066972
Reichardtstraße		PK 25	Freigabe 6/2012	okay		53.5654971	9.9173703
Reiherhoopweg		PK 46	Freigabe 2012	okay		53.4502589	9.961809
Reinfeldstraße		PK 17		okay		53.5655087	9.9768267
Rellinger Straße		PK 23	Freigabe 4/2012	okay		53.5760582	9.9406862
Rendsburger Straße		PK 15	Freigabe 2012	okay		53.5516608	9.9642644
Resskamp		PK 26	Freigabe 6/2012	okay		53.5733786	9.8626926
Richterstraße		PK 31	Freigabe 6/2012	okay		53.5760362	10.0157279
Rispenweg		PK 25	Freigabe 6/2012	okay		53.5978423	9.8899293
Rombergstraße		PK 23		okay		53.5779804	9.9459467
Roonstraße		PK 23		okay		53.5790859	9.9701608
Rosamstwiete		PK 31	Freigabe 6/2012	okay		53.5942533	10.0477889
Rothesoodstraße		PK 14	Freigabe 10/2012	okay		53.5476527	9.9746579
Sandbek		PK 47	Freigabe 6/2012	okay		53.472689	9.8209034
Sanitasstr.		PK 44	Freigabe 2/2012	pruefen			
Schachblumenweg		PK 27	Freigabe 5/2012	okay		53.6132601	9.8825604
Schadesweg		PK 41	Freigabe 5/2012	okay		53.5462969	10.0518973
Schäferstraße		PK 17		okay		53.5690127	9.9665473
Schaudinnstwiete		PK 31	Freigabe 6/2012	okay		53.5988863	10.0369969
Schedestraße		PK 23		okay		53.5936731	9.9811027
Schellerdamm		WSPK3	Freigabe 6/2012	okay		53.4660296	9.9869048
Scheteligsweg		PK 42		okay		53.5509158	10.0822012
Schlüterstraße		PK 17		okay		53.5669467	9.9865204
Schneeglöckchenweg		PK 37	frei 1/2014	okay		53.5859279	10.0795011
Schneverdinger Weg		PK 46		okay		53.4405002	9.9920194
Schopstraße		PK 23		okay		53.5784304	9.9461469
Schrötteringksweg		PK 31		okay		53.5698996	10.0235503
Schulbergredder		PK 35		okay		53.6585978	10.0819418
Schurzallee-Nord		PK 41		okay		53.5502018	10.0674213
Schwarze Straße		PK 41		okay		53.5575098	10.0434176
Schwenckestraße (teilweise freigegeben)		PK 23		pruefen			
Schwengelkamp		PK 25	Freigabe 6/2012	okay		53.5543035	9.9065004
Seebeckring		PK 36		pruefen			
Seestraße		PK 25		okay		53.5706033	9.8749657
Seestücken		PK 46	Freigabe 2012	okay		53.4520665	9.9526545
Selliusstraße		PK 23		okay		53.5807523	9.9503506
Silcherstraße		PK 25	Freigabe 5/2012	okay		53.5686753	9.9034809
Slomanstr.		PK 44	Freigabe 3/2012	pruefen			
Smidtstraße		PK 41	Freigabe 5/2012	okay		53.5637785	10.0610336
Soester Straße		PK 11	Freigabe 6/2012	okay		53.5568705	10.0118391
Soltauer Ring		PK 46	Freigabe 2012	okay		53.4377629	9.9891989
Sonnentauweg		PK 36		okay		53.6158173	10.0705602
Spengelweg		PK 23		okay		53.573915	9.9436953
Sportplatzring		PK 27		okay		53.5930525	9.929812
St. Georgs Kirchhof		PK 11		okay		53.5567365	10.0068048
St. Georgstraße		PK 11		okay		53.5561355	10.0070042
Stammanstraße		PK 33		pruefen			
Stapelstraße		PK 23		okay		53.6004721	9.9601569
Starstraße		PK 31	Freigabe 6/2012	okay		53.5892588	10.0488011
Steendiek		PK 47	Freigabe 6/2012	okay		53.5327762	9.8799274
Steindamm		PK 11		okay		53.5524856	10.0102363
Stemmeshay		PK 38		okay		53.5926934	10.1297417
Sternbergweg		PK 26	Freigabe 6/2012	okay		53.5653546	9.8481458
Stockhausenstraße		PK 31		okay		53.5865489	10.0378848
Stübenhofer Weg		PK 44		okay		53.4840643	10.0124807
Stuvkamp		PK 31	Freigabe 6/2012	okay		53.5781654	10.0435664
Sudeckstraße		PK 23		okay		53.5879022	9.9798623
Suhrsweg		PK 31	Freigabe 6/2012	okay		53.5922869	10.0445265
Susannenstraße		PK 16		okay		53.5621744	9.9630629
Talstraße		PK 15	Freigabe 2012	okay		53.6232954	10.0344257
Talstraße		PK 15	Freigabe 2012	okay		53.6232954	10.0344257
Tangstedter Landstraße		PK 34		okay		53.6675295	10.0246791
Tannenberg		PK 25	Freigabe 5/2012	okay		53.5828762	9.8769291
Teerosenweg		PK 36		okay		53.6029287	10.0647246
Tieloh		PK 31		okay		53.5910227	10.0529317
Tilsiter Straße		PK 37		okay		53.5898498	10.0806278
Tivoliweg		PK 46		okay		53.4471522	9.991793
Töpferhof		PK 43		okay		53.4844025	10.2148931
Trelder Weg		PK 46	Freigabe 2012	okay		53.4395425	9.9899158
Trencknerweg		PK 25	Freigabe 6/2012	pruefen			
Trittauer Amtsweg		PK 36		okay		53.6147747	10.0831815
Ulmenau		PK 31	Freigabe 6/2012	okay		53.5687535	10.0261953
Valparaisostraße		PK 25	Freigabe 6/2012	okay		53.5655328	9.9161554
Veilchenweg		PK 23		okay		53.5889855	9.9631302
Vinzenzweg		PK 46		okay		53.4487264	9.9835525
Vogelhüttendeich		PK 44	Freigabe 3/2012	okay		53.51295	10.0061016
Vogesenstraße		PK 37	Freigabe 5/2012	okay		53.5818591	10.0591316
Voigtstraße		PK 23		okay		53.5757734	9.9423172
Von-Graffen-Straße		PK 41	Freigabe 5/2012	okay		53.5547679	10.0393991
von-Heß-Weg		PK 41	Freigabe 5/2012	okay		53.5567063	10.0649857
von-Hutten-Straße (nördl. Wormser Str.)		PK 25		pruefen			
Wackerhagen		PK 41	Freigabe 5/2012	okay		53.5515305	10.0602388
Wagnerkoppel		PK38		okay		53.5966221	10.1151204
Waitzstraße (Teilstück frei)		PK 25	Freigabe 6/2012	pruefen			
Walsroder Ring		PK 46	Freigabe 2012	okay		53.4353109	9.989245
Walther-Kunze-Straße (Verbot der   Einfahrt/Spielstr.)		PK 21	Freigabe 6/2012	pruefen			
Washingtonring		PK 42	Freigabe 6/2012	okay		53.5450613	10.0947509
Wattenbergstrasse		PK 46		pruefen			
Wedeler Landstraße		PK 26	Freigabe 6/2012	okay		53.5844826	9.7460199
Weimarer Straße		PK 44	Freigabe 2/2012	okay		53.5149502	9.9884079
Weißenburger Straße		PK 37		okay		53.5815355	10.0608138
Weizenkamp		PK 31	Freigabe 6/2012	okay		53.5816244	10.0474741
Wendloher Weg		PK 23		okay		53.5962699	9.9799174
Werfelring		PK 36		okay		53.6287584	10.1159145
Wetkesgarten		PK 41	Freigabe 5/2012	okay		53.5523856	10.0615863
Wiebischenkamp		PK 27		okay		53.6141846	9.9080495
Wiedehopfstieg		PK 36		okay		53.5926093	10.0697038
Wienbargstraße		PK 25	Freigabe 6/2012	okay		53.5644187	9.9019095
Wiesenstraße		PK 23		okay		53.5770253	9.9546848
Wikingstraße		PK 47	Freigabe 6/2012	okay		53.5329505	9.8606313
Wilhelmsburger Str		PK 44	Freigabe 3/2012	pruefen			
Wilhelmstraße		PK 46		okay		53.4589659	9.9762051
Wittenkamp		PK 36		okay		53.5968307	10.0486858
Witts Allee		PK 26	Freigabe 6/2012	okay		53.5633717	9.8159534
Wohlwillstraße		PK 16		okay		53.5551921	9.9625
Woldsenweg		PK 23	Freigabe 4/2012	okay		53.5877405	9.9870298
Wrangelstraße		PK 23		okay		53.5817147	9.9681844
Wriedestraße		PK 47	Freigabe 6/2012	okay		53.5352456	9.8780111
Wülpensand		PK 26	Freigabe 6/2012	okay		53.5793151	9.7495684
Würffelstraße		PK 46	Freigabe 2012	okay		53.4529362	9.9769852
Zeisigstraße		PK 31	Freigabe 6/2012	okay		53.5775752	10.04719
Zeißstraße		PK 21	Freigabe 6/2012	okay		53.5548489	9.9313339
Zwanckweg		PK 36		okay		53.6090006	10.035647
